<annotation>
	<folder>images</folder>
	<filename>image (91).jpg</filename>
	<path>C:\Users\e0072494\Desktop\buckle\train\images\image (91).jpg</path>
	<source>
		<database>Unknown</database>
	</source>
	<size>
		<width>302</width>
		<height>403</height>
		<depth>3</depth>
	</size>
	<segmented>0</segmented>
	<object>
		<name>buckle</name>
		<pose>Unspecified</pose>
		<truncated>0</truncated>
		<difficult>0</difficult>
		<bndbox>
			<xmin>114</xmin>
			<ymin>148</ymin>
			<xmax>139</xmax>
			<ymax>174</ymax>
		</bndbox>
	</object>
	<object>
		<name>buckle</name>
		<pose>Unspecified</pose>
		<truncated>0</truncated>
		<difficult>0</difficult>
		<bndbox>
			<xmin>210</xmin>
			<ymin>157</ymin>
			<xmax>236</xmax>
			<ymax>180</ymax>
		</bndbox>
	</object>
</annotation>
