<annotation>
	<folder>images</folder>
	<filename>image (113).jpg</filename>
	<path>C:\Users\e0072494\Desktop\buckle\train\images\image (113).jpg</path>
	<source>
		<database>Unknown</database>
	</source>
	<size>
		<width>302</width>
		<height>403</height>
		<depth>3</depth>
	</size>
	<segmented>0</segmented>
	<object>
		<name>buckle</name>
		<pose>Unspecified</pose>
		<truncated>0</truncated>
		<difficult>0</difficult>
		<bndbox>
			<xmin>86</xmin>
			<ymin>128</ymin>
			<xmax>120</xmax>
			<ymax>159</ymax>
		</bndbox>
	</object>
	<object>
		<name>buckle</name>
		<pose>Unspecified</pose>
		<truncated>0</truncated>
		<difficult>0</difficult>
		<bndbox>
			<xmin>168</xmin>
			<ymin>117</ymin>
			<xmax>203</xmax>
			<ymax>156</ymax>
		</bndbox>
	</object>
</annotation>
