<annotation>
	<folder>images</folder>
	<filename>image (85).jpg</filename>
	<path>C:\Users\e0072494\Desktop\buckle\train\images\image (85).jpg</path>
	<source>
		<database>Unknown</database>
	</source>
	<size>
		<width>302</width>
		<height>403</height>
		<depth>3</depth>
	</size>
	<segmented>0</segmented>
	<object>
		<name>buckle</name>
		<pose>Unspecified</pose>
		<truncated>0</truncated>
		<difficult>0</difficult>
		<bndbox>
			<xmin>104</xmin>
			<ymin>193</ymin>
			<xmax>142</xmax>
			<ymax>230</ymax>
		</bndbox>
	</object>
	<object>
		<name>buckle</name>
		<pose>Unspecified</pose>
		<truncated>0</truncated>
		<difficult>0</difficult>
		<bndbox>
			<xmin>161</xmin>
			<ymin>229</ymin>
			<xmax>198</xmax>
			<ymax>267</ymax>
		</bndbox>
	</object>
</annotation>
