<annotation>
	<folder>images</folder>
	<filename>image (173).jpg</filename>
	<path>C:\Users\e0072494\Desktop\buckle\train\images\image (173).jpg</path>
	<source>
		<database>Unknown</database>
	</source>
	<size>
		<width>302</width>
		<height>403</height>
		<depth>3</depth>
	</size>
	<segmented>0</segmented>
	<object>
		<name>buckle</name>
		<pose>Unspecified</pose>
		<truncated>0</truncated>
		<difficult>0</difficult>
		<bndbox>
			<xmin>103</xmin>
			<ymin>128</ymin>
			<xmax>138</xmax>
			<ymax>164</ymax>
		</bndbox>
	</object>
	<object>
		<name>buckle</name>
		<pose>Unspecified</pose>
		<truncated>0</truncated>
		<difficult>0</difficult>
		<bndbox>
			<xmin>199</xmin>
			<ymin>211</ymin>
			<xmax>235</xmax>
			<ymax>246</ymax>
		</bndbox>
	</object>
</annotation>
