<annotation>
	<folder>images</folder>
	<filename>image (109).jpg</filename>
	<path>C:\Users\e0072494\Desktop\buckle\train\images\image (109).jpg</path>
	<source>
		<database>Unknown</database>
	</source>
	<size>
		<width>302</width>
		<height>403</height>
		<depth>3</depth>
	</size>
	<segmented>0</segmented>
	<object>
		<name>buckle</name>
		<pose>Unspecified</pose>
		<truncated>0</truncated>
		<difficult>0</difficult>
		<bndbox>
			<xmin>95</xmin>
			<ymin>134</ymin>
			<xmax>151</xmax>
			<ymax>192</ymax>
		</bndbox>
	</object>
</annotation>
