<annotation>
	<folder>images</folder>
	<filename>image (139).jpg</filename>
	<path>C:\Users\e0072494\Desktop\buckle\train\images\image (139).jpg</path>
	<source>
		<database>Unknown</database>
	</source>
	<size>
		<width>302</width>
		<height>403</height>
		<depth>3</depth>
	</size>
	<segmented>0</segmented>
	<object>
		<name>buckle</name>
		<pose>Unspecified</pose>
		<truncated>0</truncated>
		<difficult>0</difficult>
		<bndbox>
			<xmin>98</xmin>
			<ymin>212</ymin>
			<xmax>120</xmax>
			<ymax>234</ymax>
		</bndbox>
	</object>
	<object>
		<name>buckle</name>
		<pose>Unspecified</pose>
		<truncated>0</truncated>
		<difficult>0</difficult>
		<bndbox>
			<xmin>191</xmin>
			<ymin>134</ymin>
			<xmax>225</xmax>
			<ymax>171</ymax>
		</bndbox>
	</object>
</annotation>
