<annotation>
	<folder>images</folder>
	<filename>image (73).jpg</filename>
	<path>C:\Users\e0072494\Desktop\buckle\train\images\image (73).jpg</path>
	<source>
		<database>Unknown</database>
	</source>
	<size>
		<width>302</width>
		<height>403</height>
		<depth>3</depth>
	</size>
	<segmented>0</segmented>
	<object>
		<name>buckle</name>
		<pose>Unspecified</pose>
		<truncated>0</truncated>
		<difficult>0</difficult>
		<bndbox>
			<xmin>112</xmin>
			<ymin>211</ymin>
			<xmax>140</xmax>
			<ymax>238</ymax>
		</bndbox>
	</object>
	<object>
		<name>buckle</name>
		<pose>Unspecified</pose>
		<truncated>0</truncated>
		<difficult>0</difficult>
		<bndbox>
			<xmin>172</xmin>
			<ymin>193</ymin>
			<xmax>199</xmax>
			<ymax>221</ymax>
		</bndbox>
	</object>
</annotation>
