<annotation>
	<folder>images</folder>
	<filename>image (159).jpg</filename>
	<path>C:\Users\e0072494\Desktop\buckle\train\images\image (159).jpg</path>
	<source>
		<database>Unknown</database>
	</source>
	<size>
		<width>302</width>
		<height>403</height>
		<depth>3</depth>
	</size>
	<segmented>0</segmented>
	<object>
		<name>buckle</name>
		<pose>Unspecified</pose>
		<truncated>0</truncated>
		<difficult>0</difficult>
		<bndbox>
			<xmin>167</xmin>
			<ymin>113</ymin>
			<xmax>197</xmax>
			<ymax>145</ymax>
		</bndbox>
	</object>
	<object>
		<name>buckle</name>
		<pose>Unspecified</pose>
		<truncated>0</truncated>
		<difficult>0</difficult>
		<bndbox>
			<xmin>121</xmin>
			<ymin>236</ymin>
			<xmax>151</xmax>
			<ymax>267</ymax>
		</bndbox>
	</object>
</annotation>
