<annotation>
	<folder>images</folder>
	<filename>image (53).jpg</filename>
	<path>C:\Users\e0072494\Desktop\buckle\train\images\image (53).jpg</path>
	<source>
		<database>Unknown</database>
	</source>
	<size>
		<width>302</width>
		<height>403</height>
		<depth>3</depth>
	</size>
	<segmented>0</segmented>
	<object>
		<name>buckle</name>
		<pose>Unspecified</pose>
		<truncated>0</truncated>
		<difficult>0</difficult>
		<bndbox>
			<xmin>105</xmin>
			<ymin>156</ymin>
			<xmax>138</xmax>
			<ymax>187</ymax>
		</bndbox>
	</object>
	<object>
		<name>buckle</name>
		<pose>Unspecified</pose>
		<truncated>0</truncated>
		<difficult>0</difficult>
		<bndbox>
			<xmin>107</xmin>
			<ymin>267</ymin>
			<xmax>141</xmax>
			<ymax>299</ymax>
		</bndbox>
	</object>
</annotation>
