<annotation>
	<folder>images</folder>
	<filename>image (163).jpg</filename>
	<path>C:\Users\e0072494\Desktop\buckle\train\images\image (163).jpg</path>
	<source>
		<database>Unknown</database>
	</source>
	<size>
		<width>302</width>
		<height>403</height>
		<depth>3</depth>
	</size>
	<segmented>0</segmented>
	<object>
		<name>buckle</name>
		<pose>Unspecified</pose>
		<truncated>0</truncated>
		<difficult>0</difficult>
		<bndbox>
			<xmin>126</xmin>
			<ymin>142</ymin>
			<xmax>161</xmax>
			<ymax>175</ymax>
		</bndbox>
	</object>
	<object>
		<name>buckle</name>
		<pose>Unspecified</pose>
		<truncated>0</truncated>
		<difficult>0</difficult>
		<bndbox>
			<xmin>175</xmin>
			<ymin>223</ymin>
			<xmax>213</xmax>
			<ymax>262</ymax>
		</bndbox>
	</object>
</annotation>
