<annotation>
	<folder>images</folder>
	<filename>image (179).jpg</filename>
	<path>C:\Users\e0072494\Desktop\buckle\train\images\image (179).jpg</path>
	<source>
		<database>Unknown</database>
	</source>
	<size>
		<width>403</width>
		<height>302</height>
		<depth>3</depth>
	</size>
	<segmented>0</segmented>
	<object>
		<name>buckle</name>
		<pose>Unspecified</pose>
		<truncated>0</truncated>
		<difficult>0</difficult>
		<bndbox>
			<xmin>222</xmin>
			<ymin>60</ymin>
			<xmax>277</xmax>
			<ymax>113</ymax>
		</bndbox>
	</object>
</annotation>
