<annotation>
	<folder>images</folder>
	<filename>image (153).jpg</filename>
	<path>C:\Users\Moses Olafenwa\Documents\AI\Custom Datasets\Headset - Detection\post-processing\hololens\images\image (153).jpg</path>
	<source>
		<database>Unknown</database>
	</source>
	<size>
		<width>290</width>
		<height>174</height>
		<depth>3</depth>
	</size>
	<segmented>0</segmented>
	<object>
		<name>hololens</name>
		<pose>Unspecified</pose>
		<truncated>0</truncated>
		<difficult>0</difficult>
		<bndbox>
			<xmin>94</xmin>
			<ymin>45</ymin>
			<xmax>281</xmax>
			<ymax>99</ymax>
		</bndbox>
	</object>
</annotation>
