<annotation>
	<folder>images</folder>
	<filename>oc (77).jpg</filename>
	<path>C:\Users\Moses Olafenwa\Documents\AI\Custom Datasets\Headset - Detection\post-processing\oculus\images\oc (77).jpg</path>
	<source>
		<database>Unknown</database>
	</source>
	<size>
		<width>389</width>
		<height>129</height>
		<depth>3</depth>
	</size>
	<segmented>0</segmented>
	<object>
		<name>oculus</name>
		<pose>Unspecified</pose>
		<truncated>0</truncated>
		<difficult>0</difficult>
		<bndbox>
			<xmin>69</xmin>
			<ymin>6</ymin>
			<xmax>153</xmax>
			<ymax>64</ymax>
		</bndbox>
	</object>
	<object>
		<name>oculus</name>
		<pose>Unspecified</pose>
		<truncated>0</truncated>
		<difficult>0</difficult>
		<bndbox>
			<xmin>287</xmin>
			<ymin>16</ymin>
			<xmax>383</xmax>
			<ymax>84</ymax>
		</bndbox>
	</object>
</annotation>
