<annotation>
	<folder>images</folder>
	<filename>oc (54).jpg</filename>
	<path>C:\Users\Moses Olafenwa\Documents\AI\Custom Datasets\Headset - Detection\post-processing\oculus\images\oc (54).jpg</path>
	<source>
		<database>Unknown</database>
	</source>
	<size>
		<width>290</width>
		<height>174</height>
		<depth>3</depth>
	</size>
	<segmented>0</segmented>
	<object>
		<name>oculus</name>
		<pose>Unspecified</pose>
		<truncated>1</truncated>
		<difficult>0</difficult>
		<bndbox>
			<xmin>155</xmin>
			<ymin>1</ymin>
			<xmax>225</xmax>
			<ymax>46</ymax>
		</bndbox>
	</object>
	<object>
		<name>oculus</name>
		<pose>Unspecified</pose>
		<truncated>0</truncated>
		<difficult>0</difficult>
		<bndbox>
			<xmin>78</xmin>
			<ymin>66</ymin>
			<xmax>112</xmax>
			<ymax>92</ymax>
		</bndbox>
	</object>
</annotation>
