<annotation>
	<folder>images</folder>
	<filename>oc (92).jpg</filename>
	<path>C:\Users\Moses Olafenwa\Documents\AI\Custom Datasets\Headset - Detection\post-processing\oculus\images\oc (92).jpg</path>
	<source>
		<database>Unknown</database>
	</source>
	<size>
		<width>228</width>
		<height>221</height>
		<depth>3</depth>
	</size>
	<segmented>0</segmented>
	<object>
		<name>oculus</name>
		<pose>Unspecified</pose>
		<truncated>0</truncated>
		<difficult>0</difficult>
		<bndbox>
			<xmin>28</xmin>
			<ymin>11</ymin>
			<xmax>58</xmax>
			<ymax>30</ymax>
		</bndbox>
	</object>
	<object>
		<name>oculus</name>
		<pose>Unspecified</pose>
		<truncated>0</truncated>
		<difficult>0</difficult>
		<bndbox>
			<xmin>156</xmin>
			<ymin>14</ymin>
			<xmax>177</xmax>
			<ymax>30</ymax>
		</bndbox>
	</object>
</annotation>
