<annotation>
	<folder>images</folder>
	<filename>oc (148).jpg</filename>
	<path>C:\Users\Moses Olafenwa\Documents\AI\Custom Datasets\Headset - Detection\post-processing\oculus\images\oc (148).jpg</path>
	<source>
		<database>Unknown</database>
	</source>
	<size>
		<width>308</width>
		<height>164</height>
		<depth>3</depth>
	</size>
	<segmented>0</segmented>
	<object>
		<name>oculus</name>
		<pose>Unspecified</pose>
		<truncated>0</truncated>
		<difficult>0</difficult>
		<bndbox>
			<xmin>48</xmin>
			<ymin>29</ymin>
			<xmax>87</xmax>
			<ymax>50</ymax>
		</bndbox>
	</object>
	<object>
		<name>oculus</name>
		<pose>Unspecified</pose>
		<truncated>0</truncated>
		<difficult>0</difficult>
		<bndbox>
			<xmin>134</xmin>
			<ymin>42</ymin>
			<xmax>166</xmax>
			<ymax>59</ymax>
		</bndbox>
	</object>
	<object>
		<name>oculus</name>
		<pose>Unspecified</pose>
		<truncated>0</truncated>
		<difficult>0</difficult>
		<bndbox>
			<xmin>214</xmin>
			<ymin>22</ymin>
			<xmax>261</xmax>
			<ymax>47</ymax>
		</bndbox>
	</object>
</annotation>
