<annotation>
	<folder>images</folder>
	<filename>oc (99).jpg</filename>
	<path>C:\Users\Moses Olafenwa\Documents\AI\Custom Datasets\Headset - Detection\post-processing\oculus\images\oc (99).jpg</path>
	<source>
		<database>Unknown</database>
	</source>
	<size>
		<width>275</width>
		<height>183</height>
		<depth>3</depth>
	</size>
	<segmented>0</segmented>
	<object>
		<name>oculus</name>
		<pose>Unspecified</pose>
		<truncated>0</truncated>
		<difficult>0</difficult>
		<bndbox>
			<xmin>114</xmin>
			<ymin>47</ymin>
			<xmax>151</xmax>
			<ymax>76</ymax>
		</bndbox>
	</object>
	<object>
		<name>oculus</name>
		<pose>Unspecified</pose>
		<truncated>0</truncated>
		<difficult>0</difficult>
		<bndbox>
			<xmin>149</xmin>
			<ymin>27</ymin>
			<xmax>264</xmax>
			<ymax>75</ymax>
		</bndbox>
	</object>
</annotation>
